{
    "exact_match": 0.16666666666666666,
    "relative_accuracy": 0.3194444444444442,
    "syntax_accuracy": 1.0,
    "edit_similarity": 0.5667619047619045,
    "first_error_position": 1.5966666666666667,
    "row_range_validity": 0.0,
    "conflict_pair_rate": 0.06882804232804234,
    "conflict_free_prefix_rate": 0.4269444444444442
}