{
    "exact_match": 0.01,
    "relative_accuracy": 0.041666666666666664,
    "syntax_accuracy": 0.20666666666666667,
    "edit_similarity": 0.02025420875420875,
    "first_error_position": 1.0666666666666667,
    "invalid_move_rate": 0.06333333333333334,
    "board_divergence": 0.4333333333333339,
    "future_legal_prefix_rate": 0.9216666666666666
}