{
    "exact_match": 0.16,
    "relative_accuracy": 0.336388888888889,
    "syntax_accuracy": 1.0,
    "edit_similarity": 0.4186734730660728,
    "first_error_position": 1.6666666666666667,
    "invalid_move_rate": 0.00861111111111111,
    "board_divergence": 0.46074074074073984,
    "future_legal_prefix_rate": 0.9897222222222221
}