{
    "exact_match": 0.03333333333333333,
    "relative_accuracy": 0.13111111111111118,
    "syntax_accuracy": 0.7811111111111111,
    "edit_similarity": 0.3703492063492068,
    "first_error_position": 1.1533333333333333,
    "row_range_validity": 0.0,
    "conflict_pair_rate": 0.13999470899470903,
    "conflict_free_prefix_rate": 0.3477777777777774
}