{
    "exact_match": 0.02666666666666667,
    "relative_accuracy": 0.13311111111111104,
    "syntax_accuracy": 1.0,
    "invalid_move_rate": 0.38444444444444437,
    "edit_similarity": 0.5038921694525138,
    "first_error_position": 1.3666666666666667,
    "local_optimality_deviation": 0.866888888888889,
    "stability_error": 0.0,
    "peg_load_divergence": 0.4114761904761905,
    "future_legal_prefix_rate": 0.45111111111111096,
    "first_critical_divergence": 1.3666666666666667
}