{
    "exact_match": 0.13333333333333333,
    "relative_accuracy": 0.31011111111111117,
    "syntax_accuracy": 0.9901111111111112,
    "edit_similarity": 0.396440095488364,
    "first_error_position": 1.59,
    "invalid_move_rate": 0.046111111111111096,
    "board_divergence": 0.4618518518518511,
    "future_legal_prefix_rate": 0.903888888888889
}