{
    "exact_match": 0.016666666666666666,
    "relative_accuracy": 0.035,
    "syntax_accuracy": 0.17200793650793653,
    "edit_similarity": 0.09462877227877223,
    "first_error_position": 1.1566666666666667,
    "mean_absolute_error": 28195732.337734137,
    "recurrence_violation_rate": 0.12263492063492064,
    "recurrence_prefix_stability": 0.82
}