{
    "exact_match": 0.03666666666666667,
    "relative_accuracy": 0.1529999999999999,
    "syntax_accuracy": 1.0,
    "invalid_move_rate": 0.3383333333333332,
    "edit_similarity": 0.5114325361739146,
    "first_error_position": 1.42,
    "local_optimality_deviation": 0.8470000000000003,
    "stability_error": 0.0,
    "peg_load_divergence": 0.40679761904761913,
    "future_legal_prefix_rate": 0.5116666666666665,
    "first_critical_divergence": 1.42
}